,plant_name,light_time_day,red_light,blue_light,far_red,water_times (times/day),air flow ,growth_yield/m^2 (kg),life cycle (m),watering_quantity_month (L),plant_size,accuracy,temp_min,temp_max,EC_min,EC_max,ph_min,ph_max,humidity_min,humidity_max
0,lavender ,12.876793244866226,72.83846988825786,43.47925620399652,-2.5099262490117953,6,consistent,3.022857971016634,0.44908199126393455,32.366546542283565,medium,80,21.28664931677066,22.41702494233265,1.393991938067963,1.044174015408652,8.582969700522156,7.304698024128754,45.138338401045864,52.72623887157306
1,Ashwagandha,17.064338738690445,50.224257183156794,23.17216033708073,14.763758146467513,3,moderate,3.0316855587035776,4.518973996630553,61.468429991497146,large,69,26.651294563413316,30.880969911900515,1.9604109094930118,3.091086539145045,6.782671767445543,6.133598730308946,67.6971775529936,78.30249197881616
2,Ashwagandha,14.855389279885276,42.433963016046505,3.1377060252373568,11.953259724587024,4,high,3.504411246610286,4.490592797048312,45.13516335562571,large,71,23.088580760588055,26.139175742495688,1.7094613892582815,1.7379301804959388,2.101325933371463,6.028991119770326,57.06519803286639,71.08237767983807
3,Ashwagandha,11.396790851639018,65.35258883828297,29.40130329955926,7.228845372220735,2,low,5.06384728349901,5.840479288111608,23.752022042197133,medium,70,18.963258299474,29.14683497123881,1.1326778628944871,1.4018027874484607,5.337412277469312,6.163656524907439,57.64618973015243,63.44374952294305
4,lavender ,11.052505959325151,53.999594376200605,45.85394602662528,-1.5079738188991483,6,high,3.7180119100265845,3.3665458206411194,31.05703582295644,medium,82,23.833182913645803,23.996740364593336,1.3812004520892027,1.0874910837350515,8.36037993721013,7.564869334419411,38.403951631824825,51.2976225754812
5,lavender ,10.727451481498006,50.65406312975132,36.83447697816733,7.367468435781518,4,high,3.0205959704636984,2.421798849401308,26.081334368770534,medium,81,19.79622958653506,23.06653178901308,1.1122473652006852,1.6396336792449349,6.812462149681115,6.067867824771757,49.17913779642042,57.57494123340432
6,lavender ,16.137309979384543,49.447702757874545,36.377839782651776,3.7436175072491076,5,good,2.0745107275015178,3.1542351345849533,39.21428686623509,large,80,23.63725751177671,24.866624401106364,1.5802747944198878,1.9200845690464348,5.83527171920863,6.132161349733918,48.42666170235692,54.96685881471958
7,lavender ,11.923501352934224,58.649817312949125,41.1056072920099,3.1110740749107304,6,consistent,0.9280935323084252,2.8259528682815125,26.544046458346564,medium,82,27.121624812427317,19.79154174069657,0.5226368389716755,1.4173732681573419,8.322826528882702,6.062251681016876,35.68746514044693,51.692062964464384
8,lavender ,16.713484393134443,60.85073873741711,36.451219168348956,-2.794267047964351,4,moderate,2.810348583997245,1.6909610976134015,33.6053809120588,medium,77,22.03369034757185,22.662040151459188,1.2654395982180948,1.6896436566452655,8.058174970147084,6.258375437463692,49.00383547262814,46.09427745837844
9,Aloe Vera,13.520793301316933,72.36403629552358,30.201915573400864,1.2906688526435524,4,high,4.870610128406652,7.603063935962168,21.234253859089407,medium ,69,24.749016871981773,26.4670805234205,1.754920817299574,2.8533880924121,8.006361613623495,6.031868054636913,41.89311206342483,70.88485562268033
10,Ashwagandha,14.614143417357953,53.78910561122577,29.166373872054383,13.276185714125987,5,moderate,4.685367887372049,4.718041677619079,58.98039995287917,large,69,21.622462811050788,25.90748203464607,1.470513240476715,1.8951280798384467,5.999547719269144,6.085462857545393,57.749088746974664,51.995836745506324
11,Aloe Vera,11.741579212969766,52.31956875972567,25.46447522616886,8.513859351903843,2,high,2.750710490654633,4.029118405525335,20.987947265257688,medium,71,17.789719204766918,25.07645498941366,1.4824310581020748,1.4899466588485089,6.746861115589791,5.975809194157707,43.802694545931985,50.56263530030894
12,lavender ,13.27887080846076,50.201361926084445,21.816444037015323,10.918948752407623,4,consistent,3.2073363068807335,5.180276852290929,24.3525460132916,large,78,21.410423162369835,25.964570000690255,1.6654399286821362,2.4946127880689315,7.552721614512317,6.067082997405748,50.84283658886259,56.94115207929549
13,lavender ,11.95291458676833,77.2491068402662,28.643333937849274,-5.159129623659765,6,moderate,0.8955283074289726,3.9599307881040824,32.68106983871677,medium,78,19.440918653920697,21.596238445342127,1.576686257724473,1.6993523801190775,8.205809469456991,7.349274382500665,37.22303663604038,44.45042654987947
14,lavender ,13.726974039876067,77.79414293623752,27.030561516910243,-0.5073322496359838,6,moderate,2.4785035803754925,2.6652640421988756,25.623305144012146,medium,78,19.194158802553993,23.82621220841124,1.1832744899209122,1.776033033986801,6.320310630099894,6.238964583572733,32.290210447182226,52.81630403625116
15,lavender ,13.78635293883964,43.86336643725512,44.84763964513241,-8.314923873993695,6,moderate,2.963323560429515,2.8326168273007952,33.50942728102677,medium,79,24.519150613238637,27.89753053976784,1.9243206790052425,2.208868525617561,8.019225329749915,7.858016169936419,32.2489115162216,24.082789903435053
16,lavender ,14.964356373748068,83.04886618310087,33.312401272741326,-4.203883281619526,8,low,3.4492146977020455,2.9618508139153823,30.30477382196772,medium,78,20.96821926290656,24.22219475018333,1.9083877872771193,2.093337238711416,7.777081470203085,6.049674350306783,34.42854524466293,55.00753150391814
17,lavender ,13.755124284646827,52.300443512448695,20.477770361792672,10.321509999610278,6,moderate,1.6984141405392235,1.7299372603475058,30.807284560107345,medium,76,22.191008974357693,21.34299168611787,1.6622402432816656,1.3507458408544366,7.952074418718272,6.3433986206549955,37.95198399952585,40.73211433454716
18,lavender ,13.045690584644474,68.63544625833434,44.76948372174765,10.132897424312263,5,moderate,3.256487342790821,6.624041112471832,27.945843950278444,large,78,21.99026532019276,25.03000687010176,0.8511924331688427,2.3170131303572914,5.66404993630117,5.995295135930881,50.03095972265235,40.03815378406226
19,Ashwagandha,15.325715505252704,68.61136261361519,26.67305288504497,10.827054796737814,4,consistent,2.1568374389299723,1.5735870328121857,37.96849578888585,large,69,24.35382394413875,22.170811184595838,1.4889054586421175,2.2183404462123097,5.700600867957554,6.033280197311202,40.8740588363153,66.93594803000454
20,lavender ,14.497010841773323,52.2344911017913,49.105477404896114,-9.684627294916787,6,moderate,1.0443778623098328,-1.446010464390457,36.3959666346932,medium,81,24.874920378783642,21.24965304182517,1.7456449471011548,1.4757162219922608,8.52607309151885,7.9080571082702695,27.10654361300838,27.661215370914565
21,Aloe Vera,13.861901963915582,64.81645323470175,28.17110432700434,14.672301241085353,4,moderate,5.275552737459057,4.707075309477554,29.995056627066834,medium ,70,23.058372596882773,27.985113261551348,1.8212507091076853,2.870874620971833,7.434424650329126,6.085903140323034,49.90660999441379,38.350506663213615
22,Ashwagandha,14.596200785865204,48.364033926879586,16.030675596416003,17.638238178341187,4,high,2.237350820735548,5.171604638458857,33.40172790723405,large,71,24.743020873168057,25.99124266344178,1.5895122935344892,1.8915907821102556,5.783404578283374,6.060534441450291,55.40222207261204,63.95840113158721
23,Aloe Vera,12.805508421361314,71.51453983659339,27.3123395664452,-2.5079379167144387,2,moderate,4.712497488644357,5.8087730977416125,20.994941844905142,medium,71,17.46274931000557,24.844210409186104,1.482242538747463,2.0272608134477275,4.846783997091195,6.893200407926356,29.343959171287764,37.33820596289608
24,Aloe Vera,12.677931240890949,70.69309912015248,39.22681558035597,7.3939946802410415,2,moderate,5.378691394288214,9.669118274243806,25.743369376794796,medium ,71,16.109757913102264,25.832676403516075,1.392708250900239,2.4380591072821876,5.605797532093044,5.815419549446275,49.25836024807363,46.668967316466684
25,Aloe Vera,15.888990318782321,75.38666268542676,31.81834905568891,1.5690533551079122,2,low,3.2662260540920114,5.139121241443556,24.09093069538503,medium ,71,23.595502468259863,21.59480707186398,1.4796764582469073,2.726782452517184,6.730873566057333,5.891943304660237,56.903159915510244,57.2262760041974
26,lavender ,11.776494739243825,53.58011767708056,43.03044557804546,-1.079081609945038,6,consistent,1.6748028153059673,1.1041994330397888,28.852477756362976,small,82,24.90159191312001,21.286749189387624,1.436044464171513,1.5381138848581188,1.2467730113635813,6.182305512189759,41.693674865297545,42.78010804581612
27,lavender ,14.302507064460077,47.13027373628144,36.855562399800995,8.494641609826214,3,high,3.023962226271366,2.9068256286974723,37.46952981700922,medium,79,21.815154582386324,24.102952687281775,1.345783193330647,2.2756140833548835,6.279560241577495,6.2077052215830335,37.56679899866087,39.895276738682405
28,Aloe Vera,12.798836539366242,92.32755138900843,30.90632561103888,4.1322291664009665,8,low,5.211781754849844,4.673916087862928,31.306742729386215,medium,69,17.436546271521614,21.4803457564227,0.5366583652011099,2.168986328983864,5.5557509584399645,6.200624024439269,54.100620093151164,57.55601076144898
29,lavender ,11.692906704430277,64.18066549880159,45.28064402853905,-5.8967568239322015,4,high,2.5520220983501933,3.1583350227012157,22.391811432332872,medium,79,20.083271041701806,20.26029488594161,1.5228037235253913,1.6133418470807184,6.872949460992811,7.6181699019028555,32.05119393707551,37.12221582821113
30,lavender ,11.900359461297468,55.14936149364361,37.527518846479765,8.694944410278424,2,good,2.6495587059779053,3.87268036318022,24.096638555997757,medium,78,22.87523661746775,23.40882722144967,1.777393955616037,1.3835896594331736,8.659737814227734,6.030505985012996,34.81760903915845,36.61995538298285
31,Aloe Vera,15.162551172841628,84.98645533742913,18.35978682114053,6.899174454067532,5,good,5.5495434884606905,8.895192803478556,51.81191307243442,medium ,71,15.017836531297146,26.25295525758955,1.5696918211791242,3.256831599297438,3.4392821008179664,5.990022937239322,51.52766651323584,76.51037330541642
32,Aloe Vera,15.924622179038648,72.82512380528301,26.713237476298374,4.64513537524142,5,moderate,2.3319016362748703,4.21060815957433,27.693918909251526,medium ,72,21.03106160709645,23.403451041678775,1.7187635166942221,2.1893652742814558,6.975054865383354,6.090845750998366,38.774414588554876,44.41378942457777
33,lavender ,14.383862665437467,69.25903664000356,32.22324668520034,10.107062735079374,3,moderate,3.77667310461843,5.035210364431599,33.405852133702524,medium,71,22.58068586421817,28.8774466099205,0.7039775769900588,1.696930872985901,-1.8057127659295789,5.977645458728417,49.792829781413225,56.62619285427742
34,Ashwagandha,14.502391228983292,48.975877686370794,46.89194674094482,6.557211025302357,4,high,3.174285072495266,5.971709861412009,26.996116526473287,large,70,25.894938712847345,31.235947460886106,1.7978636413402882,2.4887534629310415,6.637102340276636,5.895982757152326,51.96957437449483,78.44997219377876
35,Ashwagandha,14.548360886292993,55.37336256412543,23.76842544019761,6.648033961255984,5,good,4.014966617982531,7.255401640009195,34.181349041340084,medium,68,20.5260504304981,27.938654941744005,1.5448948444052262,2.069027829804496,6.1530937658390545,6.151808255216316,47.41272098308562,67.22166938487554
36,lavender ,12.576863672659822,69.21061760274686,28.958893828709293,-0.6238544385356173,6,high,2.6265609650177044,5.447950430760874,29.887652864981032,medium,79,19.11329417413602,27.622953949050522,1.779242033859262,2.1772892030042232,8.600283982451531,6.036410028757608,30.940418339164893,59.70215705444209
37,Ashwagandha,11.795360313856484,35.46014978849483,31.684356124107687,8.644237804004035,6,moderate,1.5579947786475359,3.892437297639682,34.238519263340876,small,68,25.599867369687246,24.26977823650563,1.4568007850630476,1.76643233037199,0.2458368677715439,5.936996608973238,31.56522259413663,56.27773977881085
38,Aloe Vera,12.254223110231704,64.63742570496495,13.417211849709195,6.81630673239083,1,good,4.330958667821805,5.807791759645719,20.406468089154444,medium ,69,20.52658625509577,27.929899189914057,1.1387283310947776,2.067947047511163,6.59243238608567,6.122889978920013,43.54678497272657,57.16917139401146
39,Ashwagandha,16.611139718522026,68.87518605064577,19.71802017987247,16.10951167564904,5,moderate,3.0026896054715095,6.251551473173291,48.655740473409494,large,68,25.65062420410352,32.179074743037866,2.1454737715051864,2.9211030145965524,5.692167480181463,5.763783586370218,40.04993143957728,53.748138481053275
40,Aloe Vera,12.216578541662367,39.9213818445188,27.595338952738445,7.178802643013174,2,good,5.141049302660154,7.632906629219672,29.96582938811734,medium,69,21.692161738543106,22.604237804954064,1.7505046290108641,2.2678185587037993,6.491013609552004,6.024143909832307,57.03782626094019,63.86307296456941
41,Ashwagandha,15.052212634715161,59.17119708888003,35.245085386632624,9.826057960983363,8,high,5.51295187110477,9.760358651650076,30.24730074104726,large,70,25.95853382981407,30.696453975751947,1.9600979282956164,2.7572522107042863,4.1499441390255996,6.033862072740718,53.33104980198313,70.17308548966051
42,Aloe Vera,14.769414688492704,63.62624300266464,16.477338922892564,1.3756103155822492,5,consistent,4.06819823797244,5.339559274058218,36.21773832210814,medium,72,18.998268000178992,22.145169405813757,1.323367275496532,1.2239589193846343,3.1180090407056857,6.059101520500149,57.15465857829322,70.75728764156644
43,Ashwagandha,12.548158598526399,74.61072073154925,30.783712283393676,7.357316822673898,5,moderate,2.9484888662504187,7.155295187702862,37.570999943985036,large,79,20.920125498560207,28.643597312625822,1.3651953621980168,2.0144804207251026,6.674598840278638,5.94817196614582,48.586642308762414,33.309435392476196
44,Aloe Vera,13.03384671791436,72.26767688672514,25.095983951895988,5.049262464611511,2,high,4.606307763477318,8.956155120639524,28.000362152362115,medium ,69,20.807447570447593,31.345527291770807,0.7970817656577782,2.573115715069127,7.337022399496089,5.923907336465817,46.06226851341376,57.72400315837464
45,Ashwagandha,14.560730659608833,68.72147366077807,22.974240470605693,14.063483520082201,6,moderate,4.128831221179244,3.195972267864801,33.51295793795674,medium,70,19.434425482196403,26.354036903956885,1.1917201015460792,1.8674634806055057,5.134458701412315,6.120341843220911,51.981610830006574,75.69116524469864
46,Aloe Vera,14.66798211356544,73.34259041140058,20.331217654114695,1.987335711558166,5,low,4.413475704651216,7.568817010943105,23.985170523962513,medium,71,17.588248220921592,22.98339394752896,1.2795893064021042,2.2401728127841793,5.770908365114614,6.157792342566238,45.97362533535089,48.50650640592554
47,Aloe Vera,14.450937045784434,47.88023117698094,25.36032205396682,10.219175849312046,3,moderate,3.6527702084605673,4.400835760669638,31.431524855931052,large,69,21.91962050760088,27.08201264670167,1.4302337501926328,1.9791287069213848,6.140128120663188,6.041212897507862,60.809356902818756,63.160816384439926
48,Ashwagandha,12.74416994691504,34.415808794772516,36.52442041485207,13.169261810773795,4,moderate,2.414505074101341,4.267124616499891,43.7348633099311,large,68,24.739429383340045,23.809478554961746,1.4700587999977537,1.7539044310296585,1.5781803628342483,5.928363742848763,60.89941843753239,74.74251696184686
49,lavender ,14.333091451806238,52.18081777719081,40.7426809417227,4.777382964105971,1,moderate,1.6194642706775502,3.6504098368629627,40.9870093468217,medium,80,28.03285080390619,26.246810832594555,1.621034082404484,1.6746766417861803,6.5073705279187095,6.136014255275595,36.20761478799369,58.50844287236107
50,Aloe Vera,13.194965061008824,50.85835682923364,29.580649777856788,4.286580421306243,4,high,1.0922787496901092,5.840255466696747,31.51724338780171,large,68,24.309487186119167,22.10709739164337,1.704670134724326,1.5624444460616487,6.28100063846396,6.017249589640677,61.35913312881298,67.42486230521726
51,lavender ,12.901289815148305,56.58555762276839,36.247180461286135,1.3923301717093075,5,low,3.6745353398880147,5.103700515004987,35.849068814689836,medium,79,17.823577459245158,20.632603825884026,1.1011470472294962,1.9516669178835486,4.317563198882134,6.040945922169253,43.02331979450127,67.00444409992782
52,Ashwagandha,17.19137474835539,43.12929462875595,11.712161701321694,12.520579419273297,5,moderate,1.2945386508384473,2.4211211256927734,63.877824098692315,large,70,26.47991921699069,22.132769291662484,1.752916606719897,1.8179235869825736,1.845348658546213,6.02796732240122,63.235640143987425,78.54186183340857
53,lavender ,14.732612070926745,47.49047175595156,15.759511152282547,7.605419950117519,5,low,4.544128230485543,3.9975546635388404,36.45377983851897,large,81,26.301023935478604,24.275746006592623,1.5884654574311678,1.7963284263230141,6.536785972346424,6.261354396767525,40.803746599186724,29.58832929494913
54,Aloe Vera,12.789924487161366,56.05756175036173,21.19925672628313,11.565303205846444,8,moderate,3.699024082680728,5.348787577452247,28.096008180383414,medium,71,16.246933374005902,23.407174241727642,0.8650330326614631,2.438742707259613,3.9302933711829566,6.121645491145275,51.21483228761312,51.503211353678424
55,Aloe Vera,13.292167612037302,73.84294920138854,43.151638004889286,9.177336272658726,4,high,5.559585834878938,7.4613054304685225,23.235497149756533,medium,70,16.62958008890174,26.556423339733243,1.2290872266334065,1.8716946793284341,6.0402258929905575,6.029995318302009,47.11518622563407,63.553059062124795
56,Ashwagandha,14.618799588242698,51.68910945607472,20.72950607879735,2.8911754273294497,8,moderate,2.8031706364224203,4.32615901876402,44.058858439174855,large,70,24.45826017924689,28.99867137251374,1.7067261017915811,1.4824607749125798,6.6242469930216,6.133461246244266,44.69171825736443,63.123013987407155
57,Aloe Vera,16.801213452270733,64.79371144034062,26.849745781445648,1.0461857638652496,3,high,2.162268385471235,2.1671645851417507,32.75633938306139,large,69,21.04626800682238,25.87338287332842,1.2559601051624465,1.190042365279803,5.700156861290215,6.193241704447868,53.41775193818707,54.1139804759992
58,lavender ,12.198801981543475,60.109520911905975,27.345284604924316,8.476074730461294,4,moderate,0.7176285609420332,6.0057561797271735,28.111981639778065,medium,77,25.43476325949529,23.925746299386155,1.6056395395588956,2.856209213958363,-0.8976840495595837,7.125556652643384,44.6294053192466,58.660289551249505
59,Aloe Vera,15.438508913597166,92.42601030564022,10.583725977115627,12.331430899096997,2,good,6.095537424546755,9.01141342531098,22.83604596546246,medium ,69,16.222229335225375,25.600156590004893,1.0730815037502217,2.436044274592766,5.145205777803977,6.067562130107415,43.85044292542872,50.76782101787633
60,Ashwagandha,13.55445357490129,41.33025092038751,38.192475867203285,3.4272725626806944,6,high,3.6184899347026365,4.5171119276481875,43.40043536176343,medium,70,20.710252370452903,23.91539051051866,1.4398830619668037,1.9468486067756872,7.546710178115268,6.012801679158678,56.01348081868037,48.001551545241284
61,Ashwagandha,13.663448528050303,54.47736966257898,17.99201315894541,14.24109704480999,5,moderate,3.558705121803307,7.086268007027533,35.43838969696991,large,70,21.29984216620875,30.286583853230447,1.2775175702348807,2.2050263123915914,5.410577059478772,5.982415953126316,42.14322757349156,52.323881669886944
62,Ashwagandha,11.893049318050378,54.399719944727174,28.72190764578987,6.299904338759291,4,good,3.553557168928342,6.7284713350807825,25.646030750172912,large,69,22.28254599790763,24.776311260262787,1.3772987534400472,1.8083396300940535,4.432520907301754,5.923915203917266,61.17659820602893,51.41399063328356
63,Ashwagandha,14.73524106168363,55.772210771118694,25.887589032646165,17.43656513678309,4,moderate,4.0822185848254975,3.9786282930970023,59.407112084159984,large,70,20.998577903240417,30.30278354628163,1.7235517522800954,2.5003164033965617,5.114525571384387,5.8240250407664185,62.62156420580246,73.81582438774333
64,lavender ,13.08593148854987,38.81689036520288,42.37683265378346,-0.8102362302818173,6,consistent,2.372613093883582,3.0868403977993877,27.18373794014797,medium,79,23.53634824311571,22.304280844761767,1.947344927562576,1.955965038149029,7.823649065980774,6.151037132782444,37.021974573447196,47.8024260590727
65,lavender ,11.592193549693635,85.04064250346715,18.310347898755005,3.2294770011132137,4,moderate,1.8605049678189625,1.6210901655061059,25.690916807132353,medium,70,16.176001294049094,22.590160429675397,0.7216335041802402,1.738736358171195,6.256652101402979,5.888435192632531,35.62844009627401,54.738204140471154
66,Ashwagandha,16.14327503625552,49.59807345409814,19.684881475201962,4.120505082175052,8,moderate,3.1007487660799944,7.841562882215491,42.0680186504504,large,71,26.914045303485693,27.5938230245257,1.9867302510894724,2.9884638234317165,5.636665695755893,6.102456110921012,59.56914575966487,68.34770337610591
67,Ashwagandha,14.247058076485626,40.01089785097736,16.846102461258,12.804522319755613,5,high,3.0460858236182276,7.7586630278233955,26.85244923690773,large,69,21.414948526831132,25.915180469584275,0.8394314186076028,1.7914292028164258,2.7097829615367077,6.050937435628854,37.48076189877722,60.905073168934315
68,Ashwagandha,15.797817051122998,40.41218663236889,30.32514974021028,7.158412666521031,3,high,2.574831899213037,2.2907883904545936,32.12192596486936,large,71,23.022080766726724,29.552170618148725,1.427484985279137,1.9487721315881528,4.4066421750809175,5.875061464774886,36.571301919523854,49.66552400841586
69,Ashwagandha,12.262887681891005,77.20724773040865,28.06207489527533,10.60579395592423,3,high,3.4663094358615165,7.044092346642163,27.46981864598957,medium,71,18.496511435902004,27.166989113082995,1.107305296652755,2.4066503094253555,8.304188747983993,6.002995277821278,47.02555218293503,61.47881053856814
70,lavender ,15.60682129177578,47.18475334362081,37.914304293798075,4.989092211539541,2,high,2.7648690993702716,4.383537154712474,49.27208281324225,medium,69,23.773839482259195,25.578469299341748,1.7370613673627444,1.7311309957241265,7.2278108342505885,6.109608830350682,57.95662570144602,60.595521346149674
71,Aloe Vera,15.366928064323382,82.09967482920861,43.23065862555123,5.09794876460433,2,moderate,5.290666769397954,10.04034702657098,23.10481383541013,medium ,70,20.36091078569059,24.72929239345506,1.5863263900125535,2.924194196213591,5.89393377967109,6.011218661328978,57.68341597166882,70.48192341825657
72,lavender ,10.15007461424457,69.94678547047913,30.376396895779976,3.6751253178771663,6,low,1.31853686296146,3.3647281452356084,23.590311487665964,medium,82,20.44743819797469,20.85194851810948,1.8866976600790004,1.3920604732381796,8.262618890036588,6.15269325234853,39.87378542772234,29.53824842150204
73,Ashwagandha,13.713306286567033,44.25755937876835,25.455909860406248,7.074319492959487,2,high,4.680687204559133,4.60241769512843,25.833344300156345,medium,68,19.085049142086422,25.32444238471038,2.0108238415006943,2.088644152812886,8.910006934922361,6.054934863518982,38.63014118810243,43.001787929774686
74,Aloe Vera,14.74276423671818,45.70178902217992,35.16001381085955,13.860156241735295,2,moderate,2.72555840740299,8.648145252613316,25.428298390594172,large,68,20.64507908016564,24.94595634841208,1.6978308790869627,2.3682370716924868,6.295139632693396,5.866346263877754,46.14447123584592,45.118982162110676
75,Ashwagandha,14.387725785039036,45.35577992338621,26.539086192885577,9.413224087448864,3,good,3.948290117325683,7.725538430767855,47.687364274588255,large,71,23.46733534410588,22.39886844463284,1.596902664169469,1.8766656992123578,4.101747200069749,6.1368298196945705,47.457850411936434,65.44365862044036
76,lavender ,15.302276003037381,56.79671127787179,19.127653409908554,-0.46656215710941407,5,moderate,0.946266365334129,2.984857443280706,30.919011675991985,medium,79,26.26156804392942,20.954109611256985,1.7245396396167152,2.767944821719812,7.882688258220137,7.524149898322481,34.695122158369806,23.239931422191574
77,Ashwagandha,15.121167537734896,29.426335326003947,24.2852082051198,4.883112592020515,6,moderate,3.4870843389004342,5.149539724174905,38.30943149603983,small,69,29.19152115566187,28.335312598793045,1.8106417450071717,1.6390715173540902,8.204494187197744,6.134841317834716,50.27744319563877,55.97696164635472
78,Aloe Vera,13.398744270707866,90.36254448323746,40.4322575079591,1.1824364085495782,3,high,4.3794769278985015,5.153504046279437,22.62502925737737,medium ,73,19.75294873649954,28.262420127253936,0.6262278253438376,2.6032313043161475,7.985688827526362,6.115367720667849,53.20876822264428,52.090243586117616
79,Aloe Vera,11.483206186948953,50.438291798910626,19.952452322187945,10.282886876744929,4,high,5.4780452446839245,4.189478579364809,22.44065149138282,large,71,19.082963197812074,26.400757401470237,1.6132751208428506,2.7510068631021163,5.266056617211509,5.965617661087685,46.348666558279206,46.631508646265445
80,Aloe Vera,13.988594638114336,68.35165818472547,43.732418960382915,1.7459517066377304,4,moderate,4.120407388999671,5.841058197369812,23.114003866376564,medium ,70,18.77111795757553,21.687499338998737,0.5977162569606107,2.2966674283537145,7.257771089489055,6.037441522989623,55.16759146826399,67.91660949387668
81,Ashwagandha,15.462876196772523,60.76645701642088,33.22290654892514,11.16500574424569,6,high,2.8199897823723514,3.497375545162692,36.65466598033023,medium,70,25.6709602905355,27.549656684968852,1.9204599771636568,2.239315213625706,7.012983807794055,6.025247162237913,44.199326418658,60.94915078401969
82,Ashwagandha,11.887524671452617,55.14897973359572,27.378407180775902,8.254936855355714,5,moderate,4.645020648473786,4.606296921947554,32.655812112348585,large,69,18.38467683149445,25.197269369362306,0.7252618027469613,0.8000025211867734,4.287388091891,5.831982988943552,34.44500971905126,58.01453857749607
83,Aloe Vera,12.583949940684693,78.77724920444705,16.34653949745807,3.790580837262553,1,low,4.733645683901534,4.753999092319933,24.22315723839545,medium ,71,19.980533922289943,22.525138668108745,1.9242418565540542,2.387017420360751,4.587184742780153,6.1318036962324625,52.29834051903568,59.51311925828905
84,Aloe Vera,13.707833646750588,64.05077776377414,14.23299691876846,13.642607283225363,8,good,6.070873697129178,9.119961281312635,33.66666116676825,small,69,14.322232716746566,25.874892700334655,1.304360466709902,2.4723736914625145,4.956543647331813,5.980157384517283,44.218957053759794,69.20569968773592
85,lavender ,13.126270900889484,66.80132200876349,29.700863642776415,0.702493709858186,2,low,3.3499103930242438,5.245047141693521,28.380745599517972,medium,71,20.296846861164298,23.342369476011445,1.5178473589932904,2.3951756471385908,2.948789675733834,5.784010201015839,37.118149529110305,51.014153229416245
86,lavender ,13.12158236652254,57.295658728206654,44.69564935891965,-8.349635005266425,6,moderate,1.9262248526007524,1.4127462779928797,27.115600484423826,medium,82,23.09138526777909,20.342805867599942,1.6181828825530142,1.9120125496903233,8.34711010257955,7.4955318943713145,31.388165008750335,48.75014766445925
87,Aloe Vera,14.880761582640554,72.7384108211092,24.733577334743934,-3.5063974246874503,4,moderate,4.209349841298608,0.7204485926933417,23.530736604902458,medium,77,21.872863421457527,27.218542071302856,1.7193276477342792,2.6526061013194657,8.3152511786656,5.866313966657277,30.75184281603108,41.3595480047224
88,Ashwagandha,16.630650060447557,39.45967358671402,20.401246578591447,14.060492321232301,5,moderate,2.5111826762189513,3.6942393327042193,40.88917159512566,large,70,20.377053943340982,32.82473267960875,1.5840357368234315,1.773571487585206,6.648612277335435,5.816654893587599,48.18611107935999,78.13905931346706
89,Aloe Vera,13.695383360931677,66.81958441625744,20.431091152543438,4.133328897449912,5,good,5.239847642350844,6.716463860078358,34.92588596662785,large,70,19.16922877608684,24.92031601998293,2.0946214430203307,2.6956895215442858,-0.47568642796896365,6.062028678736619,59.28749498181722,85.8527880058341
90,Aloe Vera,14.66710154325212,60.118326115160386,21.879295396342755,18.771289453994314,4,high,5.208344672674503,6.906657003736189,24.507036236585652,medium ,68,21.625014134106014,26.079191527302992,1.881124377487526,3.1249468909584897,8.84409400821062,6.022944910143753,42.312206020414415,43.56777193007306
91,lavender ,12.448566154477433,45.33521247148389,35.011001819388795,9.398162093278899,4,high,2.002263903740124,2.8946105582692625,32.14394231625766,medium,70,25.10428510071604,28.120549715551654,1.9855663324418833,2.2685427677552683,5.55604287989003,5.907032263149671,41.775413795084845,72.42009577731442
92,Aloe Vera,13.536450512112529,66.72906555684563,32.94728284745246,7.906084501185191,6,high,4.230125991555093,9.06699090187243,23.093454421176475,medium ,70,23.04629659417735,28.7113913037579,1.3898111262524182,1.9760882866468998,5.815576074926435,5.948162570080809,41.69232110402817,49.264548088111134
93,lavender ,14.081042316935829,64.39511498116573,43.232061592068874,2.92639176205346,4,low,1.600308256042578,0.22148545115399987,33.53754500363654,medium,73,20.665668272806645,20.21618909621839,1.558263894474544,2.129927126240205,4.920090136946425,5.988293854423631,43.97797745820898,76.71674034789109
94,lavender ,15.697095555282697,79.53994991279737,26.646268212844156,14.728168274404092,3,moderate,3.304581767157293,1.6707898231032954,47.57176868322216,medium,71,21.072458109459447,27.606399255705742,0.9945281130410577,1.5135632952972131,6.864681929031457,5.954059561517671,47.489674535676805,55.16956447394847
95,lavender ,13.686979448761733,64.34636349884475,18.336176156066557,10.399141963245807,8,high,1.9154024339542708,5.220626298875786,33.92574110596093,small,70,21.0070984962209,28.043207906999513,1.6877438758882741,1.0503598252718753,-1.5842922293716664,5.8993401394684835,50.52592331296011,49.680521137434525
96,Aloe Vera,12.935633141711328,87.99977878329281,15.746811272116942,10.892069144670158,2,good,5.771149106036173,9.731285568601043,22.0884841034488,medium ,67,17.4706439170941,24.989189107313177,1.5533931198333308,1.845285362972765,5.597663141267372,6.08047214813279,44.81617524245016,45.04749642419664
97,Ashwagandha,12.361755617676115,58.07078767457478,40.86104914015454,7.959740054973196,6,high,5.210816907338833,8.049121845103588,23.65721879202769,large,68,18.84491649652022,23.085186362882386,1.1796565931621898,0.8468154165100348,4.426581443198622,6.173665956627956,63.01493757603044,74.48978834651246
98,lavender ,15.688488036772426,62.90597007835339,26.074844379612202,0.05926415147537423,2,high,4.620272110261549,5.19831257089979,28.210342655389862,medium,71,17.370982412170434,22.16929959027212,1.989420057722775,2.2535844806506318,6.605620700300885,6.046694407571517,41.96949516970666,55.190318555243074
99,Aloe Vera,14.783574212420737,77.98754457668426,10.493154233361214,11.562486885114295,4,moderate,5.986122270025755,6.289832531551385,25.865840212115657,medium ,70,18.085981580962326,23.255371044754447,1.5291501485729917,2.26387400282853,4.812915631076871,6.031450103728897,56.16090919354934,60.707046223646735
100,Aloe Vera,13.271144944607286,57.59986803306717,33.911337019397465,12.182753757581125,5,good,4.661252187354082,4.750563770883609,27.990693251284906,medium,72,22.229528332021935,26.88520678480464,1.168549542581332,1.3538458614075095,5.228078374540282,5.909570701268244,61.71805533652331,71.23423443130766
101,Ashwagandha,15.513322691238294,44.75771263218129,29.122668007564478,11.054548896896069,4,moderate,3.85029467394473,9.21342492307983,49.391813240781275,large,70,21.07685964825383,25.486416993234087,1.7392624722617493,1.8360667956783836,4.010360735127629,6.0073028196816995,69.20429023180489,74.61711710382417
102,Ashwagandha,14.349436115512681,27.384250825162965,31.642230297096162,3.103379437729659,5,low,2.639000494783096,2.0692502821910717,30.084036207042168,large,81,25.39826204005856,28.21439550312092,1.7669874639915237,1.7735544073141591,4.103113152041205,5.988312229340319,44.6496641416905,67.95718436886929
103,Aloe Vera,15.726382504807399,78.67811436216589,27.330382659518452,7.358518022182956,2,high,6.179793456831961,9.372273831389908,28.4143856382689,medium ,70,19.190091959316185,29.98502939171698,1.3915062782852274,2.119878645739311,6.613419613504961,5.90927205365266,56.42136040331401,71.91415002646013
104,lavender ,10.76601006820634,69.9161922479245,35.27854233456606,2.8556412378507856,4,moderate,3.2659563121123787,5.772419103459431,32.75606957872571,medium,71,14.254031191458512,23.74563574783332,0.7774972230659944,1.406907884506842,4.764212755805426,6.059845762474902,58.3444971682908,82.17773123115131
105,lavender ,13.175116570740942,72.46966968011941,28.358632419520223,5.3581227417455395,3,moderate,1.204444892002005,5.2842578520112955,26.24079368409052,medium,78,23.477868396399167,25.221566450062593,1.635841138983905,1.175676981774356,7.599870770770669,6.078891049835027,34.1289209390353,33.04176410301493
106,lavender ,13.539144146422773,55.58089932728464,26.62304945399714,-2.133465573902318,6,low,4.433285011848581,5.712670332275484,32.32202908757597,medium,78,21.574101407149364,21.52024748206301,1.5273965963848444,1.065399302729202,7.1532101060726285,7.3670380256670445,27.259437042282382,40.170465950894894
107,lavender ,14.070129387752164,35.0730430307792,37.76215801542619,2.0723734589663385,5,moderate,1.4680405834570116,5.000439353638958,34.47804257241302,small,70,24.555286511890916,19.671905412317432,1.6938978556802904,2.0005294387835915,0.3396327442288738,6.254034202997018,32.26508646292431,52.99179247954088
108,lavender ,13.312089504017388,67.55328998340987,21.840542418315238,-3.6583934802655937,1,moderate,3.8542631955260194,5.355634580213468,36.78894877126324,medium,81,24.573330615619778,22.901683791208256,1.235667204068987,1.9095681773692381,6.777287326762823,6.079767674652597,40.258935334322395,50.31331625369172
109,lavender ,13.48247372893396,73.69398208546745,19.946475511498132,4.9763551102899,8,high,1.3987565250296483,2.8205677845960175,34.10932863950802,small,69,22.60237043476161,25.194310687802858,1.897102553436882,2.6716662940380154,5.459935065218424,6.116290750827391,60.170950988119735,49.96658023854201
110,Ashwagandha,15.685251354908436,63.667482743916935,26.780686030476108,3.812278484456093,6,consistent,0.47682976164803614,2.19822076360478,34.83272396325849,medium,79,25.065020597359393,25.34955719552418,1.0502840634171648,1.4666340484449,4.258319654379946,6.163620427189024,34.44385160830882,51.7319802887692
111,Ashwagandha,14.938708230694774,67.38758405158612,35.04640481765317,10.672575355882213,6,high,2.9994307818671504,6.974038370792927,42.120385705338784,medium ,69,19.948574587793672,27.421390929539566,1.4247126213712353,1.473449034899528,6.23616009243786,5.941051607044527,41.849027086507675,62.768643585286746
112,lavender ,12.731854140539879,50.42275033701542,49.726726770710464,-1.943923795471174,5,moderate,1.5761580080979622,4.029888076505301,32.13797234963881,medium,80,23.62869725406088,21.861114460937287,1.3820343921006142,1.5578392492063249,5.690414315747118,7.069071752762755,41.486607296619525,41.96362839551567
113,lavender ,13.854345695552263,31.97102158643672,40.687341278897804,3.0840758516671958,1,moderate,3.3619032629979078,2.066436075815999,29.17011201409287,small,77,22.736239384102753,21.4041556241477,1.233787740677447,1.5230483909098242,-3.1109031873829087,6.090430073289473,46.668154656531215,64.46963246939671
114,Aloe Vera,14.089972255594862,47.19747454023002,18.46504397488855,9.439133890168481,5,moderate,4.782925619747328,8.541939043844197,50.268083821859406,medium ,69,20.478278192081063,29.23725462177545,1.1977075579050274,2.40927469515637,0.9956048029265285,5.999773957889069,55.65181687152299,64.60587042473014
115,Aloe Vera,13.310384916073556,65.65505970375649,32.22038634749225,9.27153380525938,8,consistent,5.267649868057857,4.603948954479573,31.63759840970171,medium ,70,17.26823188935095,26.132408299669425,1.687548335576673,2.4676635391906356,7.1994173838968365,5.965599156449205,54.21725588262063,57.97301278788985
116,Aloe Vera,17.612815349984828,79.11767432971288,36.54679951220053,3.9019634075837546,2,moderate,4.064158126102717,10.23788890245001,23.44667808656769,medium ,69,17.991994704776634,26.01422747249402,1.245070919294362,1.8067382330785455,5.779650297962568,6.010324115620996,53.65187455305036,54.65535212427263
117,Aloe Vera,14.014537892021693,69.14107519922725,27.859102194815424,2.806630412793681,4,moderate,3.9355183599804757,5.8092719709413405,27.733521232800328,medium ,77,25.848965024708704,24.575805624878477,1.6885676872020232,2.3439331662740406,7.870751660881962,6.029837938376444,46.622498772580464,48.43995780661278
118,lavender ,11.93611727221905,81.51154502448955,37.56166957435553,1.0463249703271416,6,good,2.931049533569429,2.240253489434691,24.54278022779389,medium,79,20.17221340516127,26.265965941509847,1.482105633257332,1.4581946434377508,7.275574341749305,7.183520118839619,43.888442995486656,46.362102984238476
119,Aloe Vera,13.262593478313606,73.29540390387392,30.505035059478804,5.051075338764189,3,good,5.31509202881643,5.056085722286052,37.83588967130591,medium ,70,18.749225517323787,25.5225945583269,0.9845621407976415,2.586319528961798,7.611072276878577,6.143393202500375,46.77491842927802,66.38077757510038
120,lavender ,17.250829467951224,75.03850855727637,20.768469453656785,6.223424018582456,5,moderate,2.076652324788432,1.5739127680236047,39.02904840656992,large,70,20.253657653032047,27.633607031453934,1.432830045543322,2.5994904331052098,2.2963874375939084,6.0179084799345866,32.76264242271406,62.10965062977895
121,Ashwagandha,16.05463429448926,53.76768635506123,35.66199802332704,19.115506432368093,5,moderate,1.441207445800742,4.711828536740115,56.466363497748624,large,68,22.406298647420336,24.96109080526032,1.7706000539655136,1.574329368398296,5.784815869704462,5.90693440383378,47.406065437995274,68.64764847462465
122,Aloe Vera,12.801383995834856,83.06753000766413,38.92377384962896,2.692414120932594,2,high,5.92122480050865,8.9475929032128,20.02019691182874,medium ,71,15.639081980854513,27.83563508598152,1.8555179642860726,2.888407845797407,4.1958810262233985,6.008748453367561,39.97296269774956,46.26546978842624
123,Aloe Vera,14.61891365283524,55.727653476424074,37.34011930305798,11.761847069310747,2,high,5.439144528721638,5.549070004654811,27.64661165164489,medium,69,24.215720063477022,26.99140335531555,0.7834330402270121,2.5362197168405176,6.716432127473072,5.900765999345889,51.411293930753295,48.59195400037757
124,lavender ,15.629829225287768,50.966166280588425,31.797228006216432,7.137983864476625,3,consistent,2.6742763911455407,7.084453613282733,25.583102473231378,large,68,25.558515363520478,25.287190521110052,1.6593328884589358,2.129042565547288,6.864568340622557,6.13050222903662,31.47600770856425,45.60700375481952
125,Ashwagandha,14.051379699741876,55.58632121660067,43.38239181357578,3.6120137482708063,4,consistent,1.3415798311487395,6.116563155271606,56.7082762715396,medium,80,20.124440699183502,23.453584767123168,0.6615966354017746,2.001129763753602,7.924369346076324,6.085530712561147,37.509446196211506,57.195248991824656
126,Ashwagandha,17.771000377155396,55.52954139289328,27.38271658453632,8.889079566931805,4,high,1.8354709415052899,5.946990812869939,23.291429282967506,large,75,25.598534821604037,27.10508843418413,1.8034704114230948,2.2605249911151017,8.80369457496684,6.2591174741679625,61.27742753857736,49.41202578492843
127,Aloe Vera,13.8800456785648,63.86925275773492,26.802507118835567,9.850719980781545,5,consistent,5.48246089376353,4.45695753712308,31.558737209186003,medium,69,17.013655045977053,25.795217648510878,1.4425674469432987,2.491452618278193,4.346671655174827,6.149881627145757,49.06017953430014,64.18067844551487
128,Ashwagandha,14.231517891374372,47.58805058979905,46.22383039754153,2.7113966620923193,5,moderate,2.8232678793856993,5.983745108987496,57.704058849952176,large,69,25.86742962138827,24.772506850054768,1.600734741499643,1.5092666829319838,5.676680465238523,6.045908316294525,55.91412807732855,55.12019686515362
129,lavender ,14.307269646974756,63.20850129433133,28.648990248445156,-4.690747441601565,3,consistent,3.027116610994581,1.6257032081233422,35.81878920849091,medium,81,24.819154410403115,28.535082482621902,1.3329604777292885,2.043588037719486,7.337422964112871,7.232588406463542,30.976461903953403,33.00337245998524
130,Ashwagandha,14.339005857325242,57.36993088697175,23.478761481488245,12.552206547388195,4,moderate,3.6486774640094533,6.831665465488192,32.140749053341835,medium ,70,21.697439018586564,23.096844664731854,1.8481003073708688,2.1627157431618236,5.59570490144375,6.019704720073146,49.57682699354681,63.00559413179567
131,lavender ,14.211795643710374,50.90363488138091,23.28661813947401,8.317580125723866,8,consistent,1.692584520902182,1.6776886031779736,37.09924565446508,large,77,21.04851362308635,22.074788676611657,1.6455060729452533,2.1434230419529445,2.928404620250611,6.150827432244967,59.56385354451458,65.68583368888132
132,Aloe Vera,13.027449758695901,73.7360494907802,26.104176201559632,8.096417998242503,5,good,4.496061712612167,7.137324813643641,22.358470915496632,medium,68,17.430653447775864,23.734306013355152,1.091485510479556,1.9363497852633977,5.223863202265216,6.018070205321095,52.17291975769953,63.34741598641984
133,Ashwagandha,16.43364286769302,53.39769431067572,19.910735974594147,17.40183080443338,5,moderate,2.4140495278844374,9.8906760724716,62.879042732725324,large,69,22.871391787650353,27.168719086375194,1.3583954645350462,2.941408107526086,5.510001686122505,5.978791333398468,59.71014398784344,70.09693551714055
134,Ashwagandha,14.536970150019176,50.35481636065329,27.52825173225031,5.320040493987332,6,low,4.582998888504429,5.3491059896985576,26.23964981797942,medium,70,20.423535558287014,21.453364504671377,1.6598434014588943,2.146843765788913,2.7309442147907,6.073073083512101,50.01459767964976,56.86241943401664
135,Ashwagandha,13.647839779066969,81.6613549783122,31.547978053155,9.932396472161953,2,high,6.079191640537184,7.914046259335562,23.49724906425431,medium ,72,24.40894483456414,28.745548171833228,1.8860719767466372,2.8456706450293163,6.051443851538804,5.886347695514597,49.91267779281887,53.458364176262776
136,Ashwagandha,12.848256827848795,28.12102081849922,30.175573721534505,5.641140789296662,6,high,1.823374739556074,5.207551706812744,39.670597876896814,medium,71,26.94196678350947,26.222933758735127,1.8330589439915235,2.487552924172606,6.025350357243484,6.071770434796144,52.62644996214418,63.8948292947706
137,lavender ,13.797066419201833,74.61793244439602,32.36029735197497,9.158909107279257,4,low,2.795105433859567,3.6629591505118446,25.223449383554804,medium ,71,16.751778644471553,19.55456413778441,1.3105166282830851,2.588579072320539,4.984642437332138,6.061034140315149,41.258243650629986,53.287212274250635
138,Ashwagandha,14.734995499591898,56.989578212849466,18.672711906937664,10.376599216823198,4,moderate,2.4107906107387604,5.666144952159272,35.19834168385759,large,67,19.903302240751454,27.93407497691731,1.9570279878970733,2.4617740282523273,5.2140258221931886,6.1595110651684575,57.82492657611526,67.08264636085583
139,lavender ,12.72689835721169,54.04306225807565,32.56915809443846,-1.8065177371531442,5,high,2.3792582379082425,1.5267939542619637,25.872773792521997,medium,82,22.13284658189577,21.24219158110892,1.6945127951091845,1.2053782528436296,6.986943531912684,7.002681270462981,43.17606407314935,55.09700632091077
140,Ashwagandha,14.89746347496397,73.46129812927141,37.583479589197516,9.699074986499484,3,high,3.2181829527284838,4.854928937607518,25.522744506193092,large,71,27.448186059109812,24.335627371592036,1.5916213775979384,2.7244450264579165,7.859618323035523,6.178067466150476,47.496235093204,72.84528334977544
141,Ashwagandha,17.226309959634083,49.11553358161174,19.09601107446826,15.49509727485091,4,moderate,1.1857587042250963,2.105879935973066,50.84594436584382,large,67,23.291289065981054,25.761714764742642,1.7636359115493971,1.8735723816928318,3.408843817438351,6.10477183425087,55.41765477561165,76.24236962077741
142,Ashwagandha,14.483994007341106,65.07276493066365,21.68670478051421,9.902711419197177,3,moderate,2.4533669704168086,3.2854441947762414,39.64400990971097,large,71,18.841630167995945,23.157417550324812,1.4921353652350495,1.7270062144990308,0.3287385802226641,5.984183959491915,59.86271893666327,67.37561367878718
143,Ashwagandha,16.131542940314443,63.925423213777805,28.978397602991787,13.224763427130068,5,moderate,2.3963957556303144,5.587566741067482,51.61832467586531,large,70,25.654520231820957,29.430499876831675,1.657935483351897,1.4840280461302393,-2.181208129242826,5.852791851092346,53.89492602626653,70.01430509772719
144,Ashwagandha,15.320058985806089,78.16974654295292,15.62275224862037,11.266482324735975,2,moderate,3.933164985150426,4.923889626671245,26.14044054796345,medium ,70,18.18385856242953,23.8055513450039,1.75736242327269,2.927324513748668,5.081204986042586,6.0300446046948855,38.75625944795391,46.209762119337675
145,Aloe Vera,13.826036406787479,70.47602904645693,30.902959502456813,0.21129036845359472,4,consistent,5.1696861663640234,9.148672166253448,17.211254849188567,medium ,71,16.057589356985677,26.719768810321415,1.831035234003987,2.148965166027877,5.454572596757018,6.028147819867844,44.61428429718733,49.89810714669445
146,Ashwagandha,11.915221973441914,64.7585295102908,31.28093897573619,-0.48070205347607686,2,high,3.987376793427438,4.208603125650758,35.0152881748923,large,70,22.92918517728707,27.485775073695777,2.006128387829725,2.3605441398492695,7.0295089812324,5.987028793473711,57.464528654564944,66.45687592564198
147,Ashwagandha,13.227539906773986,72.86819130466881,38.77153898311731,-0.5386705243424581,3,moderate,2.9751164858367245,4.715394030718017,26.65849146189246,medium,71,21.510703444957525,26.462299852800115,0.6007063560648497,2.1124019620795678,8.084838498704748,5.989421455850832,33.93502863476574,46.50489378314229
148,lavender ,13.25033489190955,43.15571780388599,31.84650106656856,3.1016132557444065,2,high,2.6172799825641624,1.6932869442573244,32.2472075227008,medium,77,24.97439579453639,25.854391740739214,1.2587604198124827,1.0856529741755185,8.661838248784264,6.163521333763102,31.941334850162548,36.7686065355034
149,Ashwagandha,15.186770318015995,71.64555216016298,15.86182082455457,0.3117614722701747,4,moderate,2.079105477023963,6.898433526620744,36.90114618738665,medium ,69,21.67438157284687,26.729766141100253,1.8555193088595883,1.7045794294788719,6.241592750052974,5.96107864646452,43.34821723501274,34.94294238967679
150,lavender ,11.431844840233822,62.35600955365235,32.259748609709234,-2.745326696178579,6,high,1.865138942333938,3.3087114123106995,32.664931629235014,medium,80,19.278543228154568,21.099445194656212,1.616880881120677,1.2995300991611596,6.765152957777673,7.654957616585714,35.183718552324876,31.62665206924737
151,Ashwagandha,14.273471140450004,44.1626290699143,36.97287379950042,7.710531785916974,5,high,3.4384786488721844,6.111591560835831,22.401213657240604,medium ,69,25.968414946594834,29.101734258614844,1.7232998794120529,2.377197973925645,0.6291497745596482,5.9417653714098995,40.96495956263888,58.67114464604094
152,lavender ,13.809684715701202,35.191001712675316,47.96120173613593,10.417270704772594,5,consistent,4.266782214781065,2.6538108032278203,33.862309194259446,medium,76,19.107495485950764,23.939205113547196,1.9691003299994805,1.6588151571753857,6.364415809103376,5.914246400589364,33.78526824599269,59.07367457675526
153,Ashwagandha,10.47299844055296,75.36778504764787,20.87665483058955,10.337568915056814,6,good,5.132467946901675,1.3988612068912012,31.552241865314762,medium ,71,20.816619943087023,26.771109229404463,1.5952685570427336,1.5363200811603415,7.270130314832212,6.142267673115869,52.33966884144319,63.53980732255745
154,lavender ,13.414387468449313,54.819336657017445,33.93870160689359,-4.5310149869037835,3,high,2.3192774247680195,3.0293363433139815,29.047514879061247,medium,78,24.562008788373376,26.232729615321368,1.8054787856617598,2.4432462841459417,7.2386358933074355,6.1881290810917475,29.50047959284149,34.987440535024916
155,lavender ,12.550070546307204,52.334085297626004,35.27357273250869,0.28921988590141545,6,high,1.6180172488545477,2.330341882388041,36.27607028016387,medium,77,23.705427398788636,24.85968115161245,1.5358995143969747,2.3310763779045933,5.925572697368407,6.16878185398729,41.25911486575668,54.26924553711332
156,lavender ,13.013538966478992,40.383663949405495,42.94225704783338,7.892761681496804,8,moderate,4.5167651500844075,2.5238001569113795,31.551373147489958,medium,79,20.748940916915807,26.560009303737875,1.7492468185409875,1.6908787867744381,6.906675708354875,5.880308536004528,49.297367304195674,44.42200739171849
157,lavender ,14.591264353897504,55.13146360319629,33.92880669684872,-0.29953006356617884,5,consistent,2.3829019216738097,5.73177725482798,31.05604964004654,medium,76,21.67887136372922,23.957563546478948,1.4708664066637087,1.0594487531005452,3.9174161127010207,7.250020036784593,49.987462355333484,69.31138246816957
158,lavender ,14.432736715894126,76.77930264851005,26.28436207053599,-1.3383867067532735,5,moderate,1.2545937643277905,2.769435378240542,28.879162056863567,medium,75,16.338441243196094,20.428060340704693,0.9731975784349457,0.7032112796242092,6.246983824838391,6.102562623031099,30.71270744650291,58.351371671540605
159,Aloe Vera,16.217795957747168,65.36953767394097,18.50605739485168,6.415257338385763,6,moderate,4.507236158417364,3.937542387154014,44.10493663460772,medium ,70,19.1415027364486,27.687617790407746,1.6562725979122983,3.048814966856333,6.699337186054655,6.1835036787663915,31.36156180122594,39.74841850560545
160,Aloe Vera,14.333280336098605,57.31805393824248,29.72992626992145,4.009425865935389,2,high,3.204348378932258,4.187297065020722,27.7616517888124,large,70,19.693838773771255,25.864438863767024,1.463284242447337,2.456516973762191,6.896670570451888,5.962373480318944,58.762812909955734,77.5668737508657
161,Aloe Vera,12.091657335419226,48.211588552744445,32.25866749738412,7.473832703780726,6,moderate,1.1723779305411781,3.677099583434117,31.74694890130766,medium,77,20.016501654932657,22.189370784360623,0.6691324263079496,1.6632137508497624,5.524406035390397,6.075674664589946,38.633263700323894,47.12531756637774
162,Ashwagandha,11.842229976251035,59.42274070702615,32.74038596923932,5.40938987153914,8,high,2.397523084410065,6.712943124306278,33.91717987251971,medium,70,25.026486735571645,25.814638777126696,1.2961722189297484,2.3092481528467776,5.746678504355931,6.016667411380894,53.161705497348464,63.56286912662256
163,Ashwagandha,14.577042521925135,50.110275427071166,21.573666795643422,22.48998591395715,8,high,3.884282724626356,6.94422010767628,55.38955442005681,large,68,25.9266334079699,29.570988092585655,1.7957328601730804,2.31219026775328,1.8164704293947942,5.9851360753810585,68.20005906748531,80.17708242847627
164,Aloe Vera,14.772519997974058,78.60150853561032,12.590547771922125,-0.5990205857610382,2,consistent,5.094921459775291,6.131247371528166,31.378762304548154,medium ,71,18.348685876668764,22.949710874217764,1.1051816567455177,2.236459153266252,5.1988719263717265,6.144020712391344,42.45008963258112,49.54793889951998
165,lavender ,15.16036305111866,68.58511531709799,31.61808762172637,3.024809570557136,2,low,5.196013931461526,6.167343330043988,32.84349543764619,medium,85,20.91570027002212,27.776750833819726,0.8807942959513494,1.5185712196500125,8.615286934265452,6.307071806541116,39.44917289757372,54.93819043886733
166,Aloe Vera,13.949580006776614,62.15514203852029,34.84863324002077,0.36071516467521114,4,moderate,2.3421600631368653,3.4061952099931525,35.84550270520947,large,70,22.340341179860484,22.925080154713413,0.9026161611140295,2.654248531288811,6.206253669013575,6.090053115782812,45.31277400616415,53.56016083882038
167,lavender ,14.547868969704682,43.82277917117048,38.99603673589085,-3.2600367887543813,6,low,2.0673159658748474,2.437946321706476,36.61983072140624,medium,79,22.33905766720893,24.156806308659746,1.4286684382966697,1.6197123295571811,5.205579957190667,7.061254561783222,51.48083584876682,52.12830708333973
168,Aloe Vera,12.733775430356783,70.68482592814819,11.660187424892943,9.117479814152937,2,moderate,5.739636906949826,9.663350330141903,19.671209304848045,medium ,70,17.112947177923274,24.935552568230538,0.7545472471531776,2.024164934408708,6.15646718181401,5.851413223971592,44.696260551941165,68.43198947604479
169,lavender ,11.242135279070885,44.98641000648614,36.5690986876403,-4.3505999321304225,4,moderate,0.6900927409076565,0.5314968891285821,36.808555595711795,medium,79,18.52438397790261,22.067530380565596,1.5857171269671333,1.0936160216803046,7.343718105249897,7.3419930948769005,33.313953145442014,27.84231030729938
170,lavender ,10.567640940046296,54.5982472397283,30.927857223207972,-1.694708267015474,6,moderate,2.465802820890373,2.974816533845728,31.780011923732946,medium,83,22.07937470511208,20.253805910878114,1.5469086286495932,0.7062597675124798,5.46624717234017,6.982174442202936,33.84852565851524,36.64340057466774
171,Aloe Vera,13.515292343453565,60.497128449485686,30.72054015315259,12.619675859278694,4,good,5.092594650679452,4.709814128813491,26.59244805276596,large,68,22.20837300126254,22.127531884733628,2.019041342072499,1.7298557429403465,6.4908494465317075,6.118018617063023,50.05035391014422,71.66917352138854
172,Ashwagandha,14.51820708757049,49.301200011693474,19.51233007433486,11.423006070487151,4,moderate,2.688578562398426,6.723860237151375,33.3074387213067,medium,80,20.960263249508696,25.449538840440663,1.6907134616323958,2.6738048162411205,6.4294326769518095,6.032302203239091,51.53238011169323,50.01203276095351
173,Aloe Vera,11.077819874354812,54.03668786537004,33.52892850022327,5.798655076028236,8,good,4.460348261146244,8.145344998900654,29.300807971444375,medium ,68,14.95687409295283,25.878913962318336,0.8323645319599512,1.4779859940568527,5.136956048714479,5.880367254398858,47.808216651567385,59.21231043593725
174,Aloe Vera,12.406042373911498,62.34268019638873,21.686163141072768,15.781003566472826,6,high,3.0015304102828835,6.311054180575328,29.279255427612675,small,72,24.810424428141953,24.339150826345836,1.0780914640715829,2.066454837761302,8.048944257169875,6.009981399408712,60.53740881186552,67.70838909647155
175,Ashwagandha,13.783663871283649,63.98641412325279,27.82432605393128,12.14201643657579,5,moderate,1.5633381081546098,3.6552727718662728,40.01186968499442,large,71,27.188553325698567,26.672612169590224,1.4872411176382647,2.702721812407449,8.278252854752997,5.9208863613250085,57.521190977351964,73.71039216276563
176,Ashwagandha,14.245351486676915,52.06356467890623,33.59856166681482,10.518439580979408,8,moderate,5.649182452792566,3.853189850953381,46.64941250229745,large,69,19.494719464549036,25.989716623218673,1.6633540289983393,2.0278724372463475,7.0841190624118155,6.053029494045511,57.86721165592021,74.47082923065449
177,Aloe Vera,14.422156359546337,34.581821652018675,32.13112151952787,10.727248983803692,2,moderate,3.8944544698673385,7.204915842356984,34.370786876861196,medium ,69,23.25688345374045,23.575513383112362,1.43355095903617,1.6522688132263208,7.064071659249147,6.024337318232898,40.23658906113308,52.184565911477755
178,Ashwagandha,15.239442302349126,58.02313336442394,27.69483258137226,10.286169539124415,5,moderate,3.8163191577996685,3.15345665173826,33.29239980156754,large,69,21.664684558103914,26.094583633106197,1.1736231469428107,2.231634734120046,6.428708351133372,5.794253777066839,43.72285377719868,49.36263016176728
179,lavender ,12.954407047594772,70.29343531919965,35.895223152238344,5.298893872372113,8,moderate,3.9349531209784203,2.7884383815371563,31.878621954409148,medium,69,22.09476965357319,23.216390629399893,1.5447806063950233,1.768731190318845,7.908771900071416,6.048890494101224,41.27992708089057,35.619831174195554
180,Aloe Vera,13.81827223641545,81.46104510184087,29.42004134612696,5.1016119246463205,2,moderate,5.5327145323650715,9.880016266134927,22.215001743124425,medium ,69,17.897918056930596,27.099641869073636,0.9574949998342746,2.6292848743429937,4.7346202744240395,5.917448502413231,47.78205624867239,59.12742690602928
181,lavender ,12.327836519645208,31.824025690419624,37.945275477788265,5.474783557080141,5,consistent,3.122009070606362,5.293123531896642,33.252274422560234,medium,75,19.8773721018808,25.33072727302501,1.525409545052592,1.4470074133444704,3.4079477009886787,6.01077722858517,44.12740949626586,51.047062870158406
182,lavender ,11.920680391676619,46.6886294347422,42.272677074295004,-1.988102126206397,3,moderate,0.2375912315322637,-0.3766796197650413,38.636766457870074,medium,76,23.34318869675056,20.271458799936322,1.4774896616396531,1.7985237762139232,7.0025234032876815,7.34997418397003,39.92479494178699,44.26115771389644
183,Aloe Vera,14.798967385579994,72.21939234487827,23.374119148688422,3.4154147822486713,2,good,5.604971583310528,11.252448586705228,27.617494159193296,medium ,69,19.690445529693164,28.76367685349272,1.9080938076941234,1.9570338614730893,6.386684615054424,5.959940916219477,49.089381691481194,56.372840053680264
184,Ashwagandha,12.442928736158198,55.458356076213654,26.00429235179934,7.430772701207718,6,high,3.1244032450411217,4.1236888177534174,41.71784534874023,large,73,18.73658485710895,21.995168411629727,1.639502376198499,1.5851528957305527,7.126235179418765,6.036173491585942,42.8523813328825,61.50954576085588
185,Ashwagandha,13.265001638351109,43.59753453543783,42.60295676925316,12.216997387152665,2,high,4.275760809335118,2.618108765540434,22.643126220268158,medium,69,24.63277878061012,27.23449172735072,1.677981637932226,1.5744438576357935,7.839747426978445,6.01524632666787,63.84681729588981,65.3011127111656
186,Aloe Vera,11.889542884894045,54.07694751443075,28.604737222800612,8.640022313323142,3,high,6.039784803685588,9.817224240812504,27.73033858436131,medium ,69,16.62595181762956,22.15847561595249,1.62962446528056,2.941931550429838,5.112029365291958,5.973913702823477,47.87026453202417,59.253319061455365
187,Aloe Vera,12.594126921259514,67.08997398816764,31.884826029073018,6.972733831155702,3,low,3.8969936801150977,3.7085742344094283,25.24006203157854,medium,70,17.693316598137976,20.984021536427715,1.3347392723824927,2.0657524064028605,7.285462848017435,6.129782287109102,52.07179563332575,68.06606897103403
188,lavender ,13.391412941057482,52.11442256626107,30.9278236415626,-4.006793612819224,8,moderate,2.99046277307221,2.2623823353310337,37.17123153667012,medium,77,22.376921806694686,24.317414089213226,1.6398196368816476,2.4115012175842674,6.418613590225907,7.51582938456457,43.78834581704016,32.644852783969895
189,Aloe Vera,13.113801284562841,74.54335577422867,25.054456094827813,1.8333588640326868,1,high,4.671405286692415,7.983540651261897,31.076556767430418,medium ,68,18.844075198911664,28.399314080295124,1.9669361501335314,2.9184676774793825,1.8728968467575045,6.154038979217767,47.10101373575391,53.611616737631664
190,lavender ,13.190791256148703,40.67664461184583,39.65154082435372,-0.9705516120387712,5,moderate,1.8887724056790356,3.2477194386603347,27.14481364662537,medium,80,18.875974373927217,23.9266420988283,0.9466969522963605,1.4589780844788063,7.298100300293844,6.9449326684604085,33.82562226387029,32.21559085243619
191,Aloe Vera,12.940192555793624,99.05360475950286,23.67556870018624,5.9374559540930765,2,high,6.09980290863111,9.906503400542858,17.364855109195634,medium ,69,16.040000969115916,29.891715336189204,1.0988283478473577,3.2218477575641935,8.063682296164114,5.917129534054063,45.521564922589015,55.08523084401732
192,lavender ,13.107842900574793,84.95067266121545,30.289142151964942,8.723180773495775,1,moderate,4.067048428096016,4.882003945069118,29.558455992554038,medium,69,18.168438097815613,26.02276438431614,1.7827314558253609,2.4231764514509746,6.087040075661613,6.051376896250807,33.37282991634563,40.64354864669481
193,Ashwagandha,13.66931411726014,88.37441816137778,18.265889170487036,1.29663674967024,3,moderate,5.603933898293515,8.63524176269351,24.29709690002654,medium ,69,22.2827845707706,25.31113490671346,1.7392999173656933,2.7055533294319405,6.405944088976122,5.936768305629437,51.27177229377134,54.2489181240606
194,Ashwagandha,14.535759647350607,71.13644358161591,42.829685595068156,10.41473540708539,1,high,2.335394281992889,4.771024196165345,25.37254299877411,medium ,69,24.277197753746844,28.791700361517268,1.1348376527000752,2.2098651017577016,6.299034600537145,5.896308211601147,39.055676697418505,58.57836106483461
195,Aloe Vera,12.85648983080476,60.44046609372437,33.694465068502126,6.948228491130516,4,high,3.2334188378238258,8.022636412297507,19.112829550767763,medium ,69,19.04815236627131,21.80289472014757,1.495737046405045,2.5075176902694323,4.269522986063144,5.994111554290982,37.72193933824653,64.72946225443751
196,Aloe Vera,11.978515435763875,46.09701240544842,19.702382447376493,8.772771625477429,4,good,4.477753182315007,8.462730450038217,22.05300861317366,medium,69,19.86952019867236,32.47351782637569,1.411389578860417,1.522503684527877,5.843938750657682,6.005309518115501,55.27522470142425,66.10115139089405
197,lavender ,12.693059667420059,40.05911342081919,31.056209401281716,3.5404042041928747,3,good,3.36557881317235,2.611772729506378,29.33292889447916,large,80,25.732318596965357,25.595346489706486,1.7593712922129316,1.882926863263647,1.7491695706426498,6.057152752074909,59.773196098916195,67.79216023569944
198,lavender ,12.660829976524322,59.038018915029724,40.14177314604244,2.7409327931442187,5,moderate,2.8468075753549735,6.80501546347455,31.951977452053505,medium,76,18.527142274508066,21.560995368576272,1.4772901954270794,0.7329957145193127,6.592139513627492,7.3533219692478395,37.52588785932763,55.16223242179616
199,Aloe Vera,11.686920627978079,66.01185050637774,32.99279548570915,1.119882824844634,3,low,4.135550231664401,3.169684950131336,29.04677115754462,medium,72,23.308141747040665,20.0612353100595,1.6386094398529265,1.9272241049719259,4.969518060802473,6.1160581421224585,47.778198196300764,68.60708619035846
